Academic Unit,Course Number,Course Title,Credits,Semester,Prerequisites,Restrictions,Offered By,Description
DENT,101J1,Dentistry Apprenticeship 1.,1,Fall 2025,,,Dental Med & Oral Health Sci (Fac Dental Medicine & Oral HS),Guiding and mentoring students in their transition from introduction to the practice of dentistry. Students transition from laypeople to dentists; promoting professionalism; a patient-centered approach; and self-reflection with dental management of medically compromised patients using introductory preclinical skills.
DENT,101J2,Dentistry Apprenticeship 1.,1,Winter 2026,DENT 101,,Dental Med & Oral Health Sci (Fac Dental Medicine & Oral HS),See DENT 101J1 for course description.
DENT,101J3,Dentistry Apprenticeship 1.,1,,DENT 101,,Dental Med & Oral Health Sci (Fac Dental Medicine & Oral HS),See DENT 101J1 for course description.
DENT,111J1,Introduction to Dentistry.,2,Fall 2025,,,Dental Med & Oral Health Sci (Fac Dental Medicine & Oral HS),Foundations in dentistry; including an overview of the history; practice and fundamental concepts in the field of dentistry; oral biology; common pathologies in dentistry; dental public health; patient management and infection control.
DENT,111J2,Introduction to Dentistry.,2,Winter 2026,,,Dental Med & Oral Health Sci (Fac Dental Medicine & Oral HS),Foundations in dentistry; including an overview of the history; practice and fundamental concepts in the field of dentistry; oral biology; common pathologies in dentistry; dental public health; patient management and infection control.
DENT,111J3,Introduction to Dentistry.,2,Summer 2025; Summer 2026,,,Dental Med & Oral Health Sci (Fac Dental Medicine & Oral HS),Foundations in dentistry; including an overview of the history; practice and fundamental concepts in the field of dentistry; oral biology; common pathologies in dentistry; dental public health; patient management and infection control.
DENT,112,Oral Medicine and Manifestation of Systemic Diseases.,4,Winter 2026,,,Dental Med & Oral Health Sci (Fac Dental Medicine & Oral HS),Fundamental principles in oral medicine and their significance in dental practice; with an emphasis on diagnosis; management and treatment modalities are presented with a focus on the recognition and interpretation of oral manifestations of systemic diseases.
DENT,113,Community Oral Health Services 1.,1,Winter 2026,,,Dental Med & Oral Health Sci (Fac Dental Medicine & Oral HS),Introduction to the Oral Health Community Services Program. Understanding how to reduce disparities in access to oral health care services by underserved and underprivileged people. Enhance understanding of the inter-relationship between oral and general health.
DENT,113D1,Community Oral Health Services 1.,0,Fall 2025,,,Dental Med & Oral Health Sci (Fac Dental Medicine & Oral HS),Introduction to the Oral Health Community Services Program. Understanding how to reduce disparities in access to oral health care services by underserved and underprivileged people. Enhance understanding of the inter-relationship between oral and general health.
DENT,113D2,Community Oral Health Services 1.,0,Fall 2025; Winter 2026,DENT 113,,Dental Med & Oral Health Sci (Fac Dental Medicine & Oral HS),Introduction to the Oral Health Community Services Program. Understanding how to reduce disparities in access to oral health care services by underserved and underprivileged people. Enhance understanding of the inter-relationship between oral and general health.
DENT,114D1,Head and Neck Anatomy and Histology.,3,Winter 2026,,,Dental Med & Oral Health Sci (Fac Dental Medicine & Oral HS),Head and neck anatomy including the essential aspects of dissection; histology; pain pathways; and development. The structures; functions; and comprehensive study of the clinical implications related to the head and neck region.
DENT,114D2,Head and Neck Anatomy and Histology.,3,Summer 2025; Summer 2026,,,Dental Med & Oral Health Sci (Fac Dental Medicine & Oral HS),Head and neck anatomy including the essential aspects of dissection; histology; pain pathways; and development. The structures; functions; and comprehensive study of the clinical implications related to the head and neck region.
DENT,125,Oral Health Research 1.,1,Fall 2025,,,Dental Med & Oral Health Sci (Fac Dental Medicine & Oral HS),Introduction to health research with a focus on oral health research. Overview of research fundamentals through exposure to research activities at the Faculty of Dental Medicine and Oral Health Sciences. Exploring why research is important for clinical training.
DENT,125D1,Oral Health Research 1.,0,Fall 2025,,,Dental Med & Oral Health Sci (Fac Dental Medicine & Oral HS),Introduction to health research with a focus on oral health research. Overview of research fundamentals through exposure to research activities at the Faculty of Dental Medicine and Oral Health Sciences. Exploring why research is important for clinical training.
DENT,125D2,Oral Health Research 1.,0,Winter 2026,DENT 125,,Dental Med & Oral Health Sci (Fac Dental Medicine & Oral HS),Introduction to health research with a focus on oral health research. Overview of research fundamentals through exposure to research activities at the Faculty of Dental Medicine and Oral Health Sciences. Exploring why research is important for clinical training.
DENT,206,Social Justice Seminar 1.,0,Winter 2026,,,Dental Med & Oral Health Sci (Fac Dental Medicine & Oral HS),Introduction to social justice; equity; diversity; harm reduction; social-dynamics involved in the profession. Guided self-reflection; small group workshops; and placing dentistry within greater social context.
DENT,206D1,Social Justice Seminar 1.,0,Fall 2025,,,Dental Med & Oral Health Sci (Fac Dental Medicine & Oral HS),Introduction to social justice; equity; diversity; harm reduction; social-dynamics involved in the profession. Guided self-reflection; small group workshops; and placing dentistry within greater social context.
DENT,206D2,Social Justice Seminar 1.,0,Winter 2026,DENT 206,,Dental Med & Oral Health Sci (Fac Dental Medicine & Oral HS),Introduction to social justice; equity; diversity; harm reduction; social-dynamics involved in the profession. Guided self-reflection; small group workshops; and placing dentistry within greater social context.
DENT,208D1,Introduction to Infection Prevention and Control.,0,Winter 2026,,,Dental Med & Oral Health Sci (Fac Dental Medicine & Oral HS),The use of routine infection control practices in dentistry; implementing practices aimed at preventing crosscontamination of the dental operatory; laboratory; shared clinic supplies; equipment and surfaces.
DENT,208D2,Introduction to Infection Prevention and Control.,0,Summer 2025,DENT 208,,Dental Med & Oral Health Sci (Fac Dental Medicine & Oral HS),For description see DENT - 208D1.
DENT,210,Introduction to Oral Medicine and Oral Diagnosis.,1,Fall 2025,DENT 101,,Dental Med & Oral Health Sci (Fac Dental Medicine & Oral HS),Introduction to oral diagnosis and oral medicine of dentistry. Didactic component includes history taking; patientâ€™s workup; differential diagnosis; and treatment planning.
DENT,213,Community Oral Health Services 2.,1,Fall 2025,,,Dental Med & Oral Health Sci (Fac Dental Medicine & Oral HS),Introduction to the Oral Health Community Services Program. Understanding how to reduce disparities in access to oral health care services by underserved and underprivileged people. Enhance understanding of the inter-relationship between oral and general health.
DENT,213D1,Community Oral Health Services 2.,0,Fall 2025,,,Dental Med & Oral Health Sci (Fac Dental Medicine & Oral HS),Introduction to the Oral Health Community Services Program. Understanding how to reduce disparities in access to oral health care services by underserved and underprivileged people. Enhance understanding of the inter-relationship between oral and general health.
DENT,213D2,Community Oral Health Services 2.,0,,DENT 213,,Dental Med & Oral Health Sci (Fac Dental Medicine & Oral HS),Introduction to the Oral Health Community Services Program. Understanding how to reduce disparities in access to oral health care services by underserved and underprivileged people. Enhance understanding of the inter-relationship between oral and general health.
DENT,215D1,Tooth Movement.,1,Winter 2026,,,Dental Med & Oral Health Sci (Fac Dental Medicine & Oral HS),Introduction to the basic concepts of Orthodontics and management of malocclusions with extensive laboratory and clinical activities.
DENT,215D2,Tooth Movement.,1,Summer 2025,DENT 215,,Dental Med & Oral Health Sci (Fac Dental Medicine & Oral HS),Introduction to the basic concepts of Orthodontics and management of malocclusions with extensive laboratory and clinical activities.
DENT,217,Foundations of Dentistry.,7,Winter 2026,,,Dental Med & Oral Health Sci (Fac Dental Medicine & Oral HS),Introduction of the head and neck anatomy; growth; development of the oral-facial complex; and glands. It also deals with the basic sciences of pain; hard tissues; cariology; and infection control.  Extensive head and neck anatomy laboratory work.
DENT,218D1,Support Tissue.,1,Winter 2026,,,Dental Med & Oral Health Sci (Fac Dental Medicine & Oral HS),Introduction to the normal and diseased pathways of periodontal structures. Clinical exercises on how to assess periodontal health.
DENT,218D2,Support Tissue.,1,Summer 2025,DENT 218,,Dental Med & Oral Health Sci (Fac Dental Medicine & Oral HS),Introduction to the normal and diseased pathways of periodontal structures. Clinical exercises on how to assess periodontal health.
DENT,220D1,Introduction to Restorative Dentistry.,5,Winter 2026,,,Dental Med & Oral Health Sci (Fac Dental Medicine & Oral HS),Introduction to pre-clinical dental activities including training in restorative dentistry; fixed prosthodontics and operative dentistry. Extensive laboratory work in a pre-clinical dental setting is involved.
DENT,220D2,Introduction to Restorative Dentistry.,5,Summer 2025,DENT 220,,Dental Med & Oral Health Sci (Fac Dental Medicine & Oral HS),Introduction to pre-clinical dental activities including training in restorative dentistry; fixed prosthodontics and operative dentistry. Extensive laboratory work in a pre-clinical dental setting is involved.
DENT,221D1,Tooth Loss.,2,Winter 2026,,,Dental Med & Oral Health Sci (Fac Dental Medicine & Oral HS),Introduction to the concept of edentulism; including both partial and complete restorative solutions for edentulous spaces within the oral cavity. Extensive laboratory and clinical components are involved.
DENT,221D2,Tooth Loss.,2,Summer 2025,,,Dental Med & Oral Health Sci (Fac Dental Medicine & Oral HS),Introduction to the concept of edentulism; including both partial and complete restorative solutions for edentulous spaces within the oral cavity. Extensive laboratory and clinical components are involved.
DENT,222,Radiology.,3,Fall 2025,,,Dental Med & Oral Health Sci (Fac Dental Medicine & Oral HS),Physics and biologic effects of radiation; radiation protection; imaging principles and techniques and radiographic interpretation of caries; periodontal and periapical disease.
DENT,222D1,Radiology.,1,Winter 2026,,,Dental Med & Oral Health Sci (Fac Dental Medicine & Oral HS),Physics and biologic effects of radiation; radiation protection; imaging principles and techniques and radiographic interpretation of caries; periodontal and periapical disease.
DENT,222D2,Radiology.,1,Summer 2025; Summer 2026,DENT 222,,Dental Med & Oral Health Sci (Fac Dental Medicine & Oral HS),Physics and biologic effects of radiation; radiation protection; imaging principles and techniques and radiographic interpretation of caries; periodontal and periapical disease.
DENT,224D1,Transition to Clinic.,1,Winter 2026,,,Dental Med & Oral Health Sci (Fac Dental Medicine & Oral HS),Introduction to the clinical environment following preclinical work; including the implementation of theoretical knowledge of different areas of dentistry while addressing patient care; infection control; and anesthetics needs.
DENT,224D2,Transition to Clinic.,1,Summer 2025,DENT 224,,Dental Med & Oral Health Sci (Fac Dental Medicine & Oral HS),See DENT 224D1 for course description.
DENT,225,Oral Health Research 2.,2,Winter 2026,DENT 125,,Dental Med & Oral Health Sci (Fac Dental Medicine & Oral HS),Developing familiarity with oral health research; from research design to hands on experience in conducting research with relevance to clinical dental training.
DENT,225D1,Oral Health Research 2.,1,Fall 2025,DENT 125,,Dental Med & Oral Health Sci (Fac Dental Medicine & Oral HS),Developing familiarity with oral health research; from research design to hands on experience in conducting research with relevance to clinical dental training.
DENT,225D2,Oral Health Research 2.,1,Winter 2026,DENT 125,,Dental Med & Oral Health Sci (Fac Dental Medicine & Oral HS),See DENT 225D1 for course description.
DENT,231,Professional Identity Development.,2,Fall 2025,,DENT 206,Dental Med & Oral Health Sci (Fac Dental Medicine & Oral HS),Exploration of personal and professional identity and stance toward health inequality and inequity; social justice; equity; diversity; and inclusion (EDI) are presented with a consideration of the challenges and opportunities of interpersonal and interprofessional relations.
DENT,232,Dental Public Health A.,3,Fall 2025,,DENT 305,Dental Med & Oral Health Sci (Fac Dental Medicine & Oral HS),Introduction to oral health; including various themes in dental care; such as: sustainable dentistry; social dentistry; patient centered care and public health.
DENT,240,Dental Anatomy and Occlusion .,3,Fall 2025,,DENT 101;DENT 220,Dental Med & Oral Health Sci (Fac Dental Medicine & Oral HS),Introduction to dental anatomy and occlusion; including tooth anatomy; occlusal principles and relationships; and their impact on oral health.
DENT,241,Cariology.,3,Fall 2025,,DENT 101;DENT 217;DENT 224,Dental Med & Oral Health Sci (Fac Dental Medicine & Oral HS),Fundamental; evidence-based knowledge in cariology; including carious lesion diagnosis from early stages; caries risk assessment; non-surgical and surgical caries management through minimal intervention approaches.
DENT,242J1,Restorative Dentistry (Operative),2,Fall 2025,,DENT 220,Dental Med & Oral Health Sci (Fac Dental Medicine & Oral HS),Introduction to the fundamental concepts of operative dentistry; including psychomotor skills development; tooth preparation for direct restorations; as well as concepts in biomaterial science and their clinical application.
DENT,242J2,Restorative Dentistry (Operative),2,Winter 2026,,DENT 220,Dental Med & Oral Health Sci (Fac Dental Medicine & Oral HS),Introduction to the fundamental concepts of operative dentistry; including psychomotor skills development; tooth preparation for direct restorations; as well as concepts in biomaterial science and their clinical application.
DENT,242J3,Restorative Dentistry (Operative),2,Summer 2026,,DENT 220,Dental Med & Oral Health Sci (Fac Dental Medicine & Oral HS),Introduction to the fundamental concepts of operative dentistry; including psychomotor skills development; tooth preparation for direct restorations; as well as concepts in biomaterial science and their clinical application.
DENT,243,Endodontics A.,4,Fall 2025,,DENT 311,Dental Med & Oral Health Sci (Fac Dental Medicine & Oral HS),Fundamental concepts of endodontic therapy and its rationale are presented with an emphasis on psychomotor skills development.
DENT,244D1,Pediatric Dentistry A.,2,Fall 2025,,DENT 316,Dental Med & Oral Health Sci (Fac Dental Medicine & Oral HS),The fundamental concepts of pediatric dentistry are presented including the prevention and management of oral disease in children; and basic restorative procedures; with an emphasis on psychomotor skills development.
DENT,244D2,Pediatric Dentistry A.,2,Winter 2026,,,Dental Med & Oral Health Sci (Fac Dental Medicine & Oral HS),The fundamental concepts of pediatric dentistry are presented including the prevention and management of oral disease in children; and basic restorative procedures; with an emphasis on psychomotor skills development.
DENT,245D1,Restorative Dentistry (Fixed Prosthodontics),2,Winter 2026,,DENT 220,Dental Med & Oral Health Sci (Fac Dental Medicine & Oral HS),Fundamental concepts of extra-coronal restorations are presented including tooth preparation for indirect restorations as well as concepts in biomaterial science and their clinical application; with an emphasis on psychomotor skills development.
DENT,245D2,Restorative Dentistry (Fixed Prosthodontics),2,Summer 2026,,DENT 220,Dental Med & Oral Health Sci (Fac Dental Medicine & Oral HS),Fundamental concepts of extra-coronal restorations are presented including tooth preparation for indirect restorations as well as concepts in biomaterial science and their clinical application; with an emphasis on psychomotor skills development.
DENT,246D1,Management of Partial Edentulism,1,Winter 2026,,DENT 221,Dental Med & Oral Health Sci (Fac Dental Medicine & Oral HS),Fundamental concepts of removable prosthodontics for the partially edentulous patient are presented with an emphasis on psychomotor skills development in a simulated environment; including partial edentulism and the treatment strategies recommended.
DENT,246D2,Management of Partial Edentulism,1,,,DENT 221,Dental Med & Oral Health Sci (Fac Dental Medicine & Oral HS),Fundamental concepts of removable prosthodontics for the partially edentulous patient are presented with an emphasis on psychomotor skills development in a simulated environment; including partial edentulism and the treatment strategies recommended.
DENT,247D1,Management of Complete  Edentulism.,1,Winter 2026,,DENT 221,Dental Med & Oral Health Sci (Fac Dental Medicine & Oral HS),Fundamental concepts of removable prosthodontics for the complete edentulous patient with an emphasis on psychomotor skills development in a simulated environment are presented including complete edentulism; its impact on patients and the treatment strategies recommended
DENT,247D2,Management of Complete Edentulism.,1,,DENT 247,,Dental Med & Oral Health Sci (Fac Dental Medicine & Oral HS),See DENT 247D1 for course description.
DENT,248,Periodontics,3,Fall 2025,,DENT 218,Dental Med & Oral Health Sci (Fac Dental Medicine & Oral HS),Introduction to the normal and disease pathways of periodontal structures with a focus on diagnosis and periodontal therapy.
DENT,249D1,Introduction to Development and Orthodontics.,2,Winter 2026,,DENT 215,Dental Med & Oral Health Sci (Fac Dental Medicine & Oral HS),Fundamental concepts of orthodontics and development with an emphasis on psychomotor skills development are presented including management of malocclusions.
DENT,249D2,Introduction to Development and  Orthodontics .,2,Summer 2026,DENT 249,,Dental Med & Oral Health Sci (Fac Dental Medicine & Oral HS),See DENT 249D1 for course description.
DENT,250D1,Introduction to Clinical Care.,3,Winter 2026,,DENT 224,Dental Med & Oral Health Sci (Fac Dental Medicine & Oral HS),Introduction to clinical care in multiple disciplines with a patient centered approach.
DENT,250D2,Introduction to Clinical Care,3,,DENT 250,,Dental Med & Oral Health Sci (Fac Dental Medicine & Oral HS),See DENT 250D1 for course description.
DENT,305D1,Dental Public Health.,1,Winter 2026,,,Dental Med & Oral Health Sci (Fac Dental Medicine & Oral HS),Oral health promotion in the community; dentist-patient relationship and communication with an emphasis on the needs of underserved populations.
DENT,305D2,Dental Public Health.,1,Summer 2025,DENT 305,,Dental Med & Oral Health Sci (Fac Dental Medicine & Oral HS),See DENT 305D1 for course description.
DENT,307D1,Business Aspects of Dentistry.,1,Fall 2025,,,Dental Med & Oral Health Sci (Fac Dental Medicine & Oral HS),Explores concepts related to the business aspects of dentistry. 
DENT,307D2,Business Aspects of Dentistry.,1,Winter 2026,DENT 307,,Dental Med & Oral Health Sci (Fac Dental Medicine & Oral HS),See DENT 307D1 for description.
DENT,309,Implantology.,0,,,,Dental Med & Oral Health Sci (Fac Dental Medicine & Oral HS),Diagnosis; treatment planning; radiographic analysis and surgical and restorative procedures to restore partial and complete edentulous spaces. Treatment of partial or complete edentulism with removable as well as fixed prostheses of either soft tissue or implant borne or partially or completely supported by titanium implants.
DENT,309J1,Implantology.,1,Fall 2025,,,Dental Med & Oral Health Sci (Fac Dental Medicine & Oral HS),Diagnosis; treatment planning; radiographic analysis and surgical and restorative procedures to restore partial and complete edentulous spaces. Treatment of partial or complete edentulism with removable as well as fixed prostheses of either soft tissue or implant borne or partially or completely supported by titanium implants.
DENT,309J2,Implantology.,1,Winter 2026,DENT 309,,Dental Med & Oral Health Sci (Fac Dental Medicine & Oral HS),Diagnosis; treatment planning; radiographic analysis and surgical and restorative procedures to restore partial and complete edentulous spaces. Treatment of partial or complete edentulism with removable as well as fixed prostheses of either soft tissue or implant borne or partially or completely supported by titanium implants.
DENT,309J3,Implantology.,1,Summer 2025,DENT 309,,Dental Med & Oral Health Sci (Fac Dental Medicine & Oral HS),Diagnosis; treatment planning; radiographic analysis and surgical and restorative procedures to restore partial and complete edentulous spaces. Treatment of partial or complete edentulism with removable as well as fixed prostheses of either soft tissue or implant borne or partially or completely supported by titanium implants.
DENT,310J1,Clinical Practice/Junior Clerkship.,1,Fall 2025,,DENT 314,Dental Med & Oral Health Sci (Fac Dental Medicine & Oral HS),Introduction to clinical dentistry in a multidisciplinary environment with emphasis on information gathering; diagnosis; treatment planning and acquisition of basic clinical skills.
DENT,310J2,Clinical Practice/Junior Clerkship.,1,Winter 2026,DENT 310,DENT 314,Dental Med & Oral Health Sci (Fac Dental Medicine & Oral HS),See DENT 310J1 for course description.
DENT,310J3,Clinical Practice/Junior Clerkship.,1,Summer 2025,DENT 310,DENT 314,Dental Med & Oral Health Sci (Fac Dental Medicine & Oral HS),See DENT 310J1 for course description.
DENT,311J1,Endodontics 1.,1,Fall 2025,,,Dental Med & Oral Health Sci (Fac Dental Medicine & Oral HS),Preclinical laboratory techniques on extracted and artificial teeth; rationale of endodontic therapy; anatomy; diagnosis and management of pulpal and periapical pathology including root canal preparation; obturation; periapical surgery; retropreps; apexogenesis; and trauma.
DENT,311J2,Endodontics 1.,1,Winter 2026,DENT 311,,Dental Med & Oral Health Sci (Fac Dental Medicine & Oral HS),See DENT 311J1 for course description.
DENT,311J3,Endodontics 1.,1,Summer 2025,DENT 311,,Dental Med & Oral Health Sci (Fac Dental Medicine & Oral HS),See DENT 311J1 for course description.
DENT,312,Summer Clinic Externship.,4,Summer 2025,DENT 310,,Dental Med & Oral Health Sci (Fac Dental Medicine & Oral HS),Treatment and management of patients; including patients with handicaps. 
DENT,313D1,Community Oral Health Services 3.,1,Fall 2025,,,Dental Med & Oral Health Sci (Fac Dental Medicine & Oral HS),Understanding and implementing methods to reduce disparities in access to oral health care services by underserved and underprivileged people. Develop advanced understanding of the inter-relationship between oral and general health
DENT,313D2,Community Oral Health Services 3.,1,Winter 2026,DENT 313,,Dental Med & Oral Health Sci (Fac Dental Medicine & Oral HS),Understanding and implementing methods to reduce disparities in access to oral health care services by underserved and underprivileged people. Develop advanced understanding of the inter-relationship between oral and general health
DENT,315J1,Orthodontics 1.,2,Fall 2025,,,Dental Med & Oral Health Sci (Fac Dental Medicine & Oral HS),Basic principles of growth and development; diagnosis; basic orthodontic techniques with clinical experience in preventive; interceptive and limited corrective treatments while assisting senior students.
DENT,315J2,Orthodontics 1.,2,Winter 2026,DENT 315,,Dental Med & Oral Health Sci (Fac Dental Medicine & Oral HS),See DENT 315J1 for course description.
DENT,315J3,Orthodontics 1.,2,Summer 2025,DENT 315,,Dental Med & Oral Health Sci (Fac Dental Medicine & Oral HS),See DENT 315J1 for course description.
DENT,316D1,Pediatric Dentistry 1.,3,Fall 2025,,,Dental Med & Oral Health Sci (Fac Dental Medicine & Oral HS),Oral health; oral medicine; prevention; and management of oral disease including restorative procedures in children.
DENT,316D2,Pediatric Dentistry 1.,3,Winter 2026,DENT 316,,Dental Med & Oral Health Sci (Fac Dental Medicine & Oral HS),See DENT 316D1 for course description.
DENT,317D1,Oral Pathology and Medicine.,1,Fall 2025,,,Dental Med & Oral Health Sci (Fac Dental Medicine & Oral HS),The nature; identification; and management of diseases affecting the oral and maxillofacial regions.
DENT,317D2,Oral Pathology and Medicine.,1,Winter 2026,DENT 317,,Dental Med & Oral Health Sci (Fac Dental Medicine & Oral HS),See DENT 317D1 for course description.
DENT,317J1,Oral Pathology and Medicine.,1,,,,Dental Med & Oral Health Sci (Fac Dental Medicine & Oral HS),The nature; identification; and management of diseases affecting the oral and maxillofacial regions.
DENT,317J2,Oral Pathology and Medicine.,1,,DENT 317,,Dental Med & Oral Health Sci (Fac Dental Medicine & Oral HS),For description see DENT 317J1.
DENT,317J3,Oral Pathology and Medicine.,1,,DENT 317,,Dental Med & Oral Health Sci (Fac Dental Medicine & Oral HS),For description see DENT 317J1.
DENT,318J1,Periodontology.,1,Fall 2025,,,Dental Med & Oral Health Sci (Fac Dental Medicine & Oral HS),Examination; diagnosis; treatment planning and introduction to clinical management of periodontal diseases.
DENT,318J2,Periodontology.,1,Winter 2026,DENT 318,,Dental Med & Oral Health Sci (Fac Dental Medicine & Oral HS),See DENT 318J1 for course description.
DENT,318J3,Periodontology.,1,Summer 2025,DENT 318,,Dental Med & Oral Health Sci (Fac Dental Medicine & Oral HS),See DENT 318J1 for course description.
DENT,319D1,Dental Pharmacology.,1,Fall 2025,,,Dental Med & Oral Health Sci (Fac Dental Medicine & Oral HS),A study of the drugs that have special application to dentistry including general anaesthesia.
DENT,319D2,Dental Pharmacology.,1,Winter 2026,DENT 319,,Dental Med & Oral Health Sci (Fac Dental Medicine & Oral HS),See DENT 319D1 for course description.
DENT,319J1,Dental Pharmacology.,1,,,,Dental Med & Oral Health Sci (Fac Dental Medicine & Oral HS),A study of the drugs that have special application to dentistry including general anaesthesia.
DENT,319J2,Dental Pharmacology.,1,Fall 2025,DENT 319,,Dental Med & Oral Health Sci (Fac Dental Medicine & Oral HS),For description see DENT 319J1.
DENT,319J3,Dental Pharmacology.,1,Winter 2026,DENT 319,,Dental Med & Oral Health Sci (Fac Dental Medicine & Oral HS),For description see DENT 319J1.
DENT,320,Restorative Dentistry.,6,,,DENT 320;DENT 321;DENT 336;DENT 339,Dental Med & Oral Health Sci (Fac Dental Medicine & Oral HS),Diagnosis; treatment planning and restorative procedures to prevent deterioration of healthy teeth and to restore diseased; damaged; worn or lost teeth by means of direct and indirect operative restorations; and fixed; removable and implant prosthodontics.
DENT,320J1,Restorative Dentistry.,2,Fall 2025,,DENT 320;DENT 321;DENT 336;DENT 339,Dental Med & Oral Health Sci (Fac Dental Medicine & Oral HS),Diagnosis; treatment planning and restorative procedures to prevent deterioration of healthy teeth and to restore diseased; damaged; worn or lost teeth by means of direct and indirect operative restorations; and fixed; removable and implant prosthodontics.
DENT,320J2,Restorative Dentistry.,2,Winter 2026,DENT 106,DENT 320;DENT 321;DENT 336;DENT 339,Dental Med & Oral Health Sci (Fac Dental Medicine & Oral HS),See DENT 320J1 for course description.
DENT,320J3,Restorative Dentistry.,2,Summer 2025,DENT 106,DENT 320;DENT 321;DENT 336;DENT 339,Dental Med & Oral Health Sci (Fac Dental Medicine & Oral HS),See DENT 320J1 for course description.
DENT,322J1,Image Interpretation.,0,Fall 2025,,DENT 322,Dental Med & Oral Health Sci (Fac Dental Medicine & Oral HS),Image interpretations of various conditions affecting the head and neck region and clinical rotation in oral diagnosis and radiology.
DENT,322J2,Image Interpretation.,0,Winter 2026,DENT 322,DENT 322,Dental Med & Oral Health Sci (Fac Dental Medicine & Oral HS),See description of DENT 322J1.
DENT,322J3,Image Interpretation.,0,Summer 2025,DENT 322,DENT 322,Dental Med & Oral Health Sci (Fac Dental Medicine & Oral HS),See description of DENT 322J1.
DENT,323,Oral and Maxillofacial Surgery.,0,,,,Dental Med & Oral Health Sci (Fac Dental Medicine & Oral HS),Diagnosis and management of the oral surgical problems encountered in general practice and exodontia clinical rotation.
DENT,323J1,Oral and Maxillofacial Surgery.,0,Fall 2025,,,Dental Med & Oral Health Sci (Fac Dental Medicine & Oral HS),Diagnosis and management of the oral surgical problems encountered in general practice and exodontia clinical rotation.
DENT,323J2,Oral and Maxillofacial Surgery.,0,Winter 2026,DENT 323,,Dental Med & Oral Health Sci (Fac Dental Medicine & Oral HS),See DENT 323J1 for course description.
DENT,323J3,Oral and Maxillofacial Surgery.,0,Summer 2025,DENT 323,,Dental Med & Oral Health Sci (Fac Dental Medicine & Oral HS),See DENT 323J1 for course description.
DENT,325D1,Oral Health Research 3.,1,Fall 2025,,,Dental Med & Oral Health Sci (Fac Dental Medicine & Oral HS),Continuation of Oral Health Research 1 and 2. Hands-on research and implementation of methodology learned in pre-requisite courses through small scale research project. Students will also work with a faculty supervisor or a graduate student mentor.
DENT,325D2,Oral Health Research 3.,1,Winter 2026,DENT 325,,Dental Med & Oral Health Sci (Fac Dental Medicine & Oral HS),Continuation of Oral Health Research 1 and 2. Hands-on research and implementation of methodology learned in pre-requisite courses through small scale research project. Students will also work with a faculty supervisor or a graduate student mentor.
DENT,326,Pediatric Dentistry Externship.,0,,,,Dental Med & Oral Health Sci (Fac Dental Medicine & Oral HS),Manage simple behavioural issues during the dental treatment of children. Recognize common dental problems in young children and recommend treatment. Provide preventive and restorative care for paediatric patients. Discuss and manage paediatric dental emergencies.
DENT,327,Clinical Decision Making A.,3,,,DENT 337,Dental Med & Oral Health Sci (Fac Dental Medicine & Oral HS),Development of treatment plans for patients requiring multidisciplinary care with an emphasis on clinical decision making.
DENT,328J1,Gerodontology.,1,,,,Dental Med & Oral Health Sci (Fac Dental Medicine & Oral HS),Principles of geriatric dentistry in an interdisciplinary care environment; including the pathology of aging; treatment plans; elder care; and critical appraisal of the most recent relevant literature topics.
DENT,328J2,Gerodontology.,1,,,,Dental Med & Oral Health Sci (Fac Dental Medicine & Oral HS),See DENT328J1 for course description.
DENT,328J3,Gerodontology,1,,,,Dental Med & Oral Health Sci (Fac Dental Medicine & Oral HS),
DENT,337,Clinical Decision Making.,2,Winter 2026,,,Dental Med & Oral Health Sci (Fac Dental Medicine & Oral HS),Development of a treatment plan for patients requiring complete mouth restoration involving multidiscipline restorative procedures with an emphasis on clinical decision making.
DENT,338D1,Orofacial Pain and Sleep Apnea.,1,,,,Dental Med & Oral Health Sci (Fac Dental Medicine & Oral HS),Fundamental principles of orofacial pain and sleep apnea are presented; including the current evidence for diagnosis and clinical management of both conditions. 
DENT,338D2,Orofacial Pain and Sleep Apnea.,1,,DENT 338,,Dental Med & Oral Health Sci (Fac Dental Medicine & Oral HS),See DENT 338D1 for course description.
DENT,343J1,Endodontics B,1,,,DENT 411,Dental Med & Oral Health Sci (Fac Dental Medicine & Oral HS),Exploration of the advanced morphology; physiology and pathology of the dental pulp and periradicular tissues; including the etiology; diagnosis; prevention; and treatment of diseases and injuries of the pulp and associated periradicular tissues.
DENT,343J2,Endodontics B,1,,,DENT 411,Dental Med & Oral Health Sci (Fac Dental Medicine & Oral HS),See DENT 343J1 for course description.
DENT,343J3,Endodontics B,1,,,DENT 411,Dental Med & Oral Health Sci (Fac Dental Medicine & Oral HS),See DENT 343J1 for course description.
DENT,344J1,Pediatric Dentistry B,1,,,DENT 416,Dental Med & Oral Health Sci (Fac Dental Medicine & Oral HS),Comprehensive review of the pertinent dental literature and treatment strategies in pediatric dentistry a represented with a focus on treatment planning and oral health care.
DENT,344J2,Pediatric Dentistry B,1,,,DENT 416,Dental Med & Oral Health Sci (Fac Dental Medicine & Oral HS),See DENT 344J1 for course description.
DENT,344J3,Pediatric Dentistry B,1,,,DENT 416,Dental Med & Oral Health Sci (Fac Dental Medicine & Oral HS),See DENT 344J1 for course description.
DENT,346D1,Patient Centred Care and Social Dentistry.,1,,,DENT 305;DENT 337,Dental Med & Oral Health Sci (Fac Dental Medicine & Oral HS),Fundamentals of patient centred clinical approaches are presented to help dentists interact with their patients; including those with different social or cultural backgrounds.
DENT,346D2,Patient Centred Care and Social  Dentistry.,1,,DENT 346,,Dental Med & Oral Health Sci (Fac Dental Medicine & Oral HS),See DENT 346D1 for course description.
DENT,350J1,Clinical Practice 1,2,,,DENT 310,Dental Med & Oral Health Sci (Fac Dental Medicine & Oral HS),Management of patient with various oral health needs involving numerous aspects of clinical dentistry.
DENT,350J2,Clinical Practice 1,2,,,DENT 310,Dental Med & Oral Health Sci (Fac Dental Medicine & Oral HS),For course description see DENT 350J1.
DENT,350J3,Clinical Practice 1,2,,,DENT 310,Dental Med & Oral Health Sci (Fac Dental Medicine & Oral HS),See DENT 350J1 for course description.
DENT,351,Summer Clinic.,4,,,DENT 312,Dental Med & Oral Health Sci (Fac Dental Medicine & Oral HS),This clinical oral health externship in the summer of the third year of the curriculum will focus on the management of patients with special care needs.
DENT,406D1,Ethics and Jurisprudence.,0,Fall 2025,,,Dental Med & Oral Health Sci (Fac Dental Medicine & Oral HS),Law; ethical and professional issues relevant to the practice of dentistry.
DENT,406D2,Ethics and Jurisprudence.,0,Winter 2026,DENT 406,,Dental Med & Oral Health Sci (Fac Dental Medicine & Oral HS),See DENT 406D1 for description.
DENT,407D1,Practice Management.,1,Fall 2025,,DENT 405,Dental Med & Oral Health Sci (Fac Dental Medicine & Oral HS),Management of the business of dentistry.
DENT,407D2,Practice Management.,1,Winter 2026,,DENT 405,Dental Med & Oral Health Sci (Fac Dental Medicine & Oral HS),See DENT 407D1 for course description.
DENT,409,Advanced Restorative Dentistry.,2,Fall 2025; Winter 2026,,,Dental Med & Oral Health Sci (Fac Dental Medicine & Oral HS),This course will focus on didactic and theoretical aspects of the clinical management of more complex restorative challenges that the senior students might expect to encounter in their final year clinical program or in private practice following graduation.
DENT,409J1,Advanced Restorative Dentistry.,0,,,,Dental Med & Oral Health Sci (Fac Dental Medicine & Oral HS),This course will focus on didactic and theoretical aspects of the clinical management of more complex restorative challenges that the senior students might expect to encounter in their final year clinical program or in private practice following graduation.
DENT,409J2,Advanced Restorative Dentistry.,0,,DENT 409,,Dental Med & Oral Health Sci (Fac Dental Medicine & Oral HS),For description see DENT 409J1.
DENT,409J3,Advanced Restorative Dentistry.,0,,DENT 409,,Dental Med & Oral Health Sci (Fac Dental Medicine & Oral HS),For description see DENT 409J1.
DENT,410D1,Clinical Practice/Senior Clerkship.,5,Fall 2025,,,Dental Med & Oral Health Sci (Fac Dental Medicine & Oral HS),Comprehensive management of patients with complex oral health needs involving all aspects of clinical dentistry.
DENT,410D2,Clinical Practice/Senior Clerkship.,5,Winter 2026,DENT 410,,Dental Med & Oral Health Sci (Fac Dental Medicine & Oral HS),See DENT 410D1 for course description.
DENT,411D1,Endodontics 2.,1,Fall 2025,DENT 311,,Dental Med & Oral Health Sci (Fac Dental Medicine & Oral HS),Nickel titanium rotary endodontics; ultrasonics; electronic apex locators; problem solving canal obstruction; intracoronal bleaching; advanced anesthetic and filling techniques including management of perforations.
DENT,411D2,Endodontics 2.,1,Winter 2026,DENT 411,,Dental Med & Oral Health Sci (Fac Dental Medicine & Oral HS),See DENT 411D1 for course description.
DENT,412D1,Introduction to Orofacial Pain.,1,Fall 2025,,,Dental Med & Oral Health Sci (Fac Dental Medicine & Oral HS),Evaluation; diagnosis and management of common orofacial pain conditions encountered in general dentistry practice; based on current evidence-based literature. Emphasis is placed on the diagnosis and management of temporomandibular disorders with an introduction of other orofacial pain conditions.
DENT,412D2,Introduction to Orofacial Pain.,1,Winter 2026,DENT 412,,Dental Med & Oral Health Sci (Fac Dental Medicine & Oral HS),Evaluation; diagnosis and management of common orofacial pain conditions encountered in general dentistry practice; based on current evidence-based literature. Emphasis is placed on the diagnosis and management of temporomandibular disorders with an introduction of other orofacial pain conditions.
DENT,412J1,Introduction to Orofacial Pain.,1,,,,Dental Med & Oral Health Sci (Fac Dental Medicine & Oral HS),Evaluation; diagnosis and management of common orofacial pain conditions encountered in general dentistry practice; based on current evidence-based literature. Emphasis is placed on the diagnosis and management of temporomandibular disorders with an introduction of other orofacial pain conditions.
DENT,412J2,Introduction to Orofacial Pain.,1,,DENT 412,,Dental Med & Oral Health Sci (Fac Dental Medicine & Oral HS),For description see DENT 412J1.
DENT,412J3,Introduction to Orofacial Pain.,1,,DENT 412,,Dental Med & Oral Health Sci (Fac Dental Medicine & Oral HS),For description see DENT 412J1.
DENT,413,Community Oral Health Services 4.,1,Fall 2025,,,Dental Med & Oral Health Sci (Fac Dental Medicine & Oral HS),Oral health care of the underpriviledged in outreach community locations and in the hospital environment.
DENT,415D1,Orthodontics 2.,3,Fall 2025,,,Dental Med & Oral Health Sci (Fac Dental Medicine & Oral HS),Principles of growth and development; diagnosis and treatment planning; biomechanics and orthodontic techniques with clinical experience in preventive; interceptive and limited corrective treatments while mentoring junior students.
DENT,415D2,Orthodontics 2.,3,Winter 2026,DENT 415,,Dental Med & Oral Health Sci (Fac Dental Medicine & Oral HS),See DENT 415D1 for course description.
DENT,415J1,Orthodontics 2.,2,,,,Dental Med & Oral Health Sci (Fac Dental Medicine & Oral HS),Principles of growth and development; diagnosis and treatment planning; biomechanics and orthodontic techniques with clinical experience in preventive; interceptive and limited corrective treatments while mentoring junior students.
DENT,415J2,Orthodontics 2.,2,,DENT 415,,Dental Med & Oral Health Sci (Fac Dental Medicine & Oral HS),For description see DENT 415J1.
DENT,415J3,Orthodontics 2.,2,,DENT 415,,Dental Med & Oral Health Sci (Fac Dental Medicine & Oral HS),For description see DENT 415J1.
DENT,416D1,Pediatric Dentistry 2.,1,Fall 2025,,,Dental Med & Oral Health Sci (Fac Dental Medicine & Oral HS),This course comprises lectures; seminars reviewing pertinent literature; and clinical treatment of children at the McCall Dental Clinic. The aim of this course is to teach the students comprehensive dental care for children.
DENT,416D2,Pediatric Dentistry 2.,1,Winter 2026,DENT 416,,Dental Med & Oral Health Sci (Fac Dental Medicine & Oral HS),See DENT 416D1 for course description.
DENT,418D1,Periodontology Seminar.,1,Fall 2025,,,Dental Med & Oral Health Sci (Fac Dental Medicine & Oral HS),Comprehensive literature review of examination; diagnosis; treatment planning and clinical management of periodontal diseases.
DENT,418D2,Periodontology Seminar.,1,Winter 2026,DENT 418,,Dental Med & Oral Health Sci (Fac Dental Medicine & Oral HS),See DENT 418D1 for course description.
DENT,418J1,Periodontology Seminar.,0,,,,Dental Med & Oral Health Sci (Fac Dental Medicine & Oral HS),Comprehensive literature review of examination; diagnosis; treatment planning and clinical management of periodontal diseases.
DENT,418J2,Periodontology Seminar.,0,,DENT 418,,Dental Med & Oral Health Sci (Fac Dental Medicine & Oral HS),For description see DENT 418J1.
DENT,418J3,Periodontology Seminar.,0,,DENT 418,,Dental Med & Oral Health Sci (Fac Dental Medicine & Oral HS),For description see DENT 418J1.
DENT,420,Restorative Dentistry Seminars.,3,,,DENT 409,Dental Med & Oral Health Sci (Fac Dental Medicine & Oral HS),Review of recent dental literature and treatment strategies in restorative dentistry are presented; including treatment planning and digital technology.
DENT,423D1,Oral Maxillofacial Surgery and Pathology.,2,Fall 2025,,,Dental Med & Oral Health Sci (Fac Dental Medicine & Oral HS),Diagnosis and management of craniofacial developmental defects; oral disease and surgical problems encountered in dentistry and emergency and exodontia clinical rotation.
DENT,423D2,Oral Maxillofacial Surgery and Pathology.,2,Winter 2026,DENT 423,,Dental Med & Oral Health Sci (Fac Dental Medicine & Oral HS),See DENT 423D1 for course description.
DENT,423J1,Oral Maxillofacial Surgery and Pathology.,1,,,,Dental Med & Oral Health Sci (Fac Dental Medicine & Oral HS),Diagnosis and management of craniofacial developmental defects; oral disease and surgical problems encountered in dentistry and emergency and exodontia clinical rotation.
DENT,423J2,Oral Maxillofacial Surgery and Pathology.,1,Fall 2025,DENT 423,,Dental Med & Oral Health Sci (Fac Dental Medicine & Oral HS),For description see DENT 423J1.
DENT,423J3,Oral Maxillofacial Surgery and Pathology.,1,Winter 2026,DENT 423,,Dental Med & Oral Health Sci (Fac Dental Medicine & Oral HS),For description see DENT 423J1.
DENT,428D1,Periodontics Clerkship.,0,,,,Dental Med & Oral Health Sci (Fac Dental Medicine & Oral HS),Understanding of the role of a Periodontist in multidisciplinary care. Recognize common periodontal conditions and recommend treatment. Providing preventative; non surgical and surgical treatment. Making recommendations for mucogingival deformities. Manage mild to moderate chronic periodontal conditions. Compose a preliminary comprehensive treatment plan in periodontics.
DENT,428D2,Periodontics Clerkship.,0,,DENT 428,,Dental Med & Oral Health Sci (Fac Dental Medicine & Oral HS),Understanding of the role of a Periodontist in multidisciplinary care. Recognize common periodontal conditions and recommend treatment. Providing preventative; non surgical and surgical treatment. Making recommendations for mucogingival deformities. Manage mild to moderate chronic periodontal conditions. Compose a preliminary comprehensive treatment plan in periodontics.
DENT,429,International Outreach Externship.,0,Fall 2025,,,Dental Med & Oral Health Sci (Fac Dental Medicine & Oral HS),Further training in operative and surgical techniques. Exposure to challenging clinical cases not normally seen in the McGill Undergraduate Teaching Clinic. Provision of care and health education to underprivileged patients with little to no access to oral health care. Exposure to diagnosis and treatment of a variety of oral infections and pathologies outside of North American context.
DENT,437,Clinical Decision Making.,3,Fall 2025,,,Dental Med & Oral Health Sci (Fac Dental Medicine & Oral HS),Development of a treatment plan for patients requiring complete mouth restoration involving multidiscipline restorative procedures with an emphasis on clinical decision making.
DENT,438D1,Management of Orofacial  Pain.,1,,,DENT 412,Dental Med & Oral Health Sci (Fac Dental Medicine & Oral HS),Principles of orofacial pain are presented; including a focus on the most current evidence for diagnosis and clinical management.
DENT,438D2,Management of Orofacial Pain.,1,,DENT 438,,Dental Med & Oral Health Sci (Fac Dental Medicine & Oral HS),See DENT 438D1 for course description.
DENT,443D1,Endodontics C.,0,,,,Dental Med & Oral Health Sci (Fac Dental Medicine & Oral HS),Clinical endodontic management strategies; with a focus on clinical techniques and patient management. 
DENT,443D2,Endodontics C.,0,,DENT 443,,Dental Med & Oral Health Sci (Fac Dental Medicine & Oral HS),
DENT,444D1,Pediatric Dentistry C.,0,,,,Dental Med & Oral Health Sci (Fac Dental Medicine & Oral HS),Clinical pediatric management strategies; with a focus on clinical techniques and patient management.
DENT,444D2,Pediatric Dentistry C.,0,,DENT 444,,Dental Med & Oral Health Sci (Fac Dental Medicine & Oral HS),See DENT 444D1 for course description.
DENT,446D1,Ethics and Jurisprudence  A.,0,,,DENT 406,Dental Med & Oral Health Sci (Fac Dental Medicine & Oral HS),Legal; ethical and professional issues relevant to the practice of dentistry. 
DENT,446D2,Ethics and Jurisprudence A.,0,,DENT 446,,Dental Med & Oral Health Sci (Fac Dental Medicine & Oral HS),See DENT 446D1 for course description.
DENT,450D1,Clinical Practice 2.,3,,,DENT 410,Dental Med & Oral Health Sci (Fac Dental Medicine & Oral HS),Comprehensive management of patients with complex oral health needs; including all aspects of clinical dentistry.
DENT,450D2,Clinical Practice 2.,3,,DENT 450,,Dental Med & Oral Health Sci (Fac Dental Medicine & Oral HS),See DENT 450D1 for course description.
DENT,451D1,Focused Clinical Training .,0,,,,Dental Med & Oral Health Sci (Fac Dental Medicine & Oral HS),Comprehensive management of patients in specific dental disciplines; including complex oral health care needs. 
DENT,451D2,Focused Clinical Training .,0,,DENT 451,,Dental Med & Oral Health Sci (Fac Dental Medicine & Oral HS),See DENT 451D1 for course description.
DENT,504,Biomaterials and Bioperformance.,3,Winter 2026,,,Dental Med & Oral Health Sci (Fac Dental Medicine & Oral HS),Biological and synthetic biomaterials; medical devices; and the issues related to their bioperformance. The physicochemical characteristics of biomaterials in relation to their biocompatibility and sterilization.
DENT,505,Epidemiology and Data Analysis in Primary Care 1.,3,Fall 2025,,FMED 505,Dental Med & Oral Health Sci (Fac Dental Medicine & Oral HS),An introduction of epidemiological concepts; data analysis; and methods applicable to primary care research.
DENT,509,Epidemiology and Data Analysis in Primary Care 2.,3,Winter 2026,DENT 505,FMED 509,Dental Med & Oral Health Sci (Fac Dental Medicine & Oral HS),Intermediate epidemiological concepts; data analysis; and methods applicable to primary care research. 
DENT,520,Orthodontic Seminar 1 .,8,,,,Dental Med & Oral Health Sci (Post Graduate Dentistry),Lectures and seminars in topics pertinent to craniofacial orthodontics. 
DENT,521D1,Orthodontic Seminar 2.,6,Fall 2025,DENT 520,,Dental Med & Oral Health Sci (Post Graduate Dentistry),Lectures and seminars in topics pertinent to craniofacial orthodontics.
DENT,521D2,Orthodontic Seminar 2.,6,,DENT 520;DENT 521,,Dental Med & Oral Health Sci (Post Graduate Dentistry),Lectures and seminars in topics pertinent to craniofacial orthodontics.
DENT,522D1,Orthodontic Seminar 3.,5,,DENT 521,,Dental Med & Oral Health Sci (Post Graduate Dentistry),Lectures and seminars in topics pertinent to craniofacial orthodontics.
DENT,522D2,Orthodontic Seminar 3.,5,,DENT 521;DENT 522,,Dental Med & Oral Health Sci (Post Graduate Dentistry),Lectures and seminars in topics pertinent to craniofacial orthodontics.
DENT,523D1,Orthodontic Seminar 4.,4,,DENT 522,,Dental Med & Oral Health Sci (Post Graduate Dentistry),Lectures and seminars in topics pertinent to craniofacial orthodontics.
DENT,523D2,Orthodontic Seminar 4.,4,,DENT 522;DENT 523,,Dental Med & Oral Health Sci (Post Graduate Dentistry),Lectures and seminars in topics pertinent to craniofacial orthodontics.
DENT,524D1,Clinical Orthodontics 1.,3,,DENT 520,,Dental Med & Oral Health Sci (Post Graduate Dentistry),Clinical experience pertinent to craniofacial orthodontics.
DENT,524D2,Clinical Orthodontics 1.,3,,DENT 520;DENT 524,,Dental Med & Oral Health Sci (Post Graduate Dentistry),Clinical experience pertinent to craniofacial orthodontics.
DENT,525,Clinical Orthodontics 2.,6,,DENT 524,,Dental Med & Oral Health Sci (Post Graduate Dentistry),Clinical experience pertinent to craniofacial orthodontics.
DENT,526D1,Clinical Orthodontics 3.,3,,DENT 525,,Dental Med & Oral Health Sci (Post Graduate Dentistry),Clinical experience pertinent to craniofacial orthodontics.
DENT,526D2,Clinical Orthodontics 3.,3,,DENT 525;DENT 526,,Dental Med & Oral Health Sci (Post Graduate Dentistry),Clinical experience pertinent to craniofacial orthodontics.
DENT,527,Clinical Orthodontics 4.,6,,DENT 526,,Dental Med & Oral Health Sci (Post Graduate Dentistry),Clinical experience pertinent to craniofacial orthodontics.
DENT,528D1,Clinical Orthodontics 5.,3,,DENT 527,,Dental Med & Oral Health Sci (Post Graduate Dentistry),Clinical experience pertinent to craniofacial orthodontics.
DENT,528D2,Clinical Orthodontics 5.,3,,DENT 527;DENT 528,,Dental Med & Oral Health Sci (Post Graduate Dentistry),Clinical experience pertinent to craniofacial orthodontics.
DENT,529,Clinical Orthodontics 6.,2,,DENT 528,,Dental Med & Oral Health Sci (Post Graduate Dentistry),Clinical experience pertinent to craniofacial orthodontics.
DENT,571J1,Topics in Oral and Maxillofacial Surgery for Interns.,1,,,,Dental Med & Oral Health Sci (Post Graduate Dentistry),Preparation for application to a residency program in OMFS.
DENT,571J2,Topics in Oral and Maxillofacial Surgery for Interns.,1,,DENT 571,,Dental Med & Oral Health Sci (Post Graduate Dentistry),See DENT 571J1 for course description.
DENT,571J3,Topics in Oral and Maxillofacial Surgery for Interns.,1,Summer 2025,DENT 571,,Dental Med & Oral Health Sci (Post Graduate Dentistry),See DENT 571J1 for course description.
DENT,575,Dental Residency Training 1.,1,,,,Dental Med & Oral Health Sci (Post Graduate Dentistry),Advanced training in general practice dentistry in a hospital setting. Emphasis on disadvantaged and medically compromised patients.
DENT,576,Dental Residency Training 2.,1,,DENT 575,,Dental Med & Oral Health Sci (Post Graduate Dentistry),Advanced training in general practice dentistry in a hospital setting. Emphasis on disadvantaged and medically compromised patients.
DENT,577,Dental Residency Training 3.,1,,DENT 576,,Dental Med & Oral Health Sci (Post Graduate Dentistry),Advanced training in general practice dentistry in a hospital setting. Emphasis on disadvantaged and medically compromised patients.
DENT,578,Community Practice Rotations.,0,,,,Dental Med & Oral Health Sci (Fac Dental Medicine & Oral HS),Skills necessary to deliver community-based care in non-traditional settings; including mobile dentistry.
DENT,580,OMFS Training,2,Fall 2025,,,Dental Med & Oral Health Sci (Post Graduate Dentistry),Lectures and seminars in topics pertinent to oral and maxillofacial surgery; including clinical experience.
DENT,580D1,OMFS Training,1,,,,Dental Med & Oral Health Sci (Post Graduate Dentistry),Lectures and seminars in topics pertinent to oral and maxillofacial surgery; including clinical experience.
DENT,580D2,OMFS Training,1,,DENT 580,,Dental Med & Oral Health Sci (Post Graduate Dentistry),See DENT 580D1 for course description.
DENT,581J1,Oral and Maxillofacial Surgery Training 1.,1,,,,Dental Med & Oral Health Sci (Post Graduate Dentistry),First year course in oral and maxillofacial surgery.
DENT,581J2,Oral and Maxillofacial Surgery Training 1.,1,,DENT 581,,Dental Med & Oral Health Sci (Post Graduate Dentistry),See DENT 581J1 for course description.
DENT,581J3,Oral and Maxillofacial Surgery Training 1.,1,Summer 2025,DENT 581,,Dental Med & Oral Health Sci (Post Graduate Dentistry),See DENT 581J1 for course description.
DENT,582J1,Oral and Maxillofacial Surgery Training 2.,1,Fall 2025,DENT 581,,Dental Med & Oral Health Sci (Post Graduate Dentistry),Second year course in oral and maxillofacial surgery.
DENT,582J2,Oral and Maxillofacial Surgery Training 2.,1,,DENT 582,,Dental Med & Oral Health Sci (Post Graduate Dentistry),See DENT 582J1 for course description.
DENT,582J3,Oral and Maxillofacial Surgery Training 2.,1,Summer 2025,DENT 582,,Dental Med & Oral Health Sci (Post Graduate Dentistry),See DENT 582J1 for course description.
DENT,583J1,Oral and Maxillofacial Surgery Training 3.,1,,DENT 582,,Dental Med & Oral Health Sci (Post Graduate Dentistry),Third year course in oral and maxillofacial surgery.
DENT,583J2,Oral and Maxillofacial Surgery Training 3.,1,,DENT 583,,Dental Med & Oral Health Sci (Post Graduate Dentistry),See DENT 583J1 for course description.
DENT,583J3,Oral and Maxillofacial Surgery Training 3.,1,Summer 2025,DENT 583,,Dental Med & Oral Health Sci (Post Graduate Dentistry),See DENT 583J1 for course description.
DENT,584J1,Oral and Maxillofacial Surgery Training 4.,8,,,,Dental Med & Oral Health Sci (Post Graduate Dentistry),Fourth year course in oral and maxillofacial surgery.
DENT,584J2,Oral and Maxillofacial Surgery Training 4.,8,,DENT 584,,Dental Med & Oral Health Sci (Post Graduate Dentistry),See DENT 584J1 for course description.
DENT,584J3,Oral and Maxillofacial Surgery Training 4.,8,Summer 2025,DENT 584,,Dental Med & Oral Health Sci (Post Graduate Dentistry),See DENT 584J1 for course description.
DENT,585J1,Oral and Maxillofacial Surgery Clinical and Seminars.,4,Fall 2025,DENT 583;DENT 583,,Dental Med & Oral Health Sci (Post Graduate Dentistry),This course is designed to provide clinical experience in the management of oral and maxillofacial surgical patients and prepare students to take the Royal College of Dentists of Canada speciality examination.
DENT,585J2,Oral and Maxillofacial Surgery Clinical and Seminars.,4,,DENT 585,,Dental Med & Oral Health Sci (Post Graduate Dentistry),See DENT 585J1 for course description.
DENT,585J3,Oral and Maxillofacial Surgery Clinical and Seminars.,4,Summer 2025,DENT 585,,Dental Med & Oral Health Sci (Post Graduate Dentistry),See DENT 585J1 for course description.
EXTL,EXDE,Exchange Term Away-Dentistry,0,,,,Dental Med & Oral Health Sci (Fac Dental Medicine & Oral HS),
EXTL,IUDE,Inter-University Transfer,0,,,,Dental Med & Oral Health Sci (Fac Dental Medicine & Oral HS),
EXTL,LADE,Leave of Absence-Dentistry,0,,,,Dental Med & Oral Health Sci (Fac Dental Medicine & Oral HS),
EXTL,TADE,Term Away-Dentistry,0,,,,Dental Med & Oral Health Sci (Fac Dental Medicine & Oral HS),
GDEN,DRES,Weeks Residency,0,,,,Dental Med & Oral Health Sci (Post Graduate Dentistry),
REGN,RCDE,I confirm Dental Reg,0,,,,Dental Med & Oral Health Sci (Fac Dental Medicine & Oral HS),
